match_id,data,squadra selezionata,squadra in casa,squadra fuori casa,quota,quota_1,quota_x,quota_2,SC
1396481,06/04/26,benfica,casa pia,benfica,1.2,14.5,5.9,1.2,
1378169,06/04/26,napoli,napoli,ac milan,2.5,2.5,2.98,3.0,SI
1378166,06/04/26,juventus,juventus,genoa,1.38,1.38,4.33,8.8,
1387941,05/04/26,lyon,angers,lyon,1.62,5.1,3.95,1.62,
1382852,05/04/26,celtic,dundee,celtic,1.53,5.5,4.3,1.53,
1394677,05/04/26,fenerbahce,fenerbahce,besiktas,1.93,1.93,3.6,3.6,
1387947,05/04/26,monaco,monaco,marseille,2.06,2.06,3.7,3.2,SI
1378165,05/04/26,inter,inter,as roma,1.57,1.57,3.8,6.0,
1381122,05/04/26,feyenoord,fc volendam,feyenoord,1.45,6.2,4.55,1.45,
1436153,04/04/26,al-hilal saudi fc,al-hilal saudi fc,al taawon,1.28,1.28,5.4,9.75,
1388557,04/04/26,borussia dortmund,vfb stuttgart,borussia dortmund,2.72,2.28,3.8,2.72,
1382856,04/04/26,rangers,rangers,dundee utd,1.22,1.22,5.9,12.5,
1396482,04/04/26,fc porto,fc porto,famalicao,1.39,1.39,4.4,8.25,
1381119,04/04/26,ajax,ajax,twente,2.28,2.28,3.65,2.8,
1391110,04/04/26,barcelona,atletico madrid,barcelona,2.02,3.05,4.0,2.02,SI
1387944,04/04/26,lens,lille,lens,2.32,2.95,3.35,2.32,
1391114,04/04/26,real madrid,mallorca,real madrid,1.54,5.4,4.2,1.54,
1436148,04/04/26,al-ahli jeddah,al-ahli jeddah,damac,1.17,1.17,6.5,18.0,
1394684,04/04/26,galatasaray,trabzonspor,galatasaray,2.16,3.05,3.55,2.16,
1384054,04/04/26,dinamo zagreb,dinamo zagreb,nk osijek,1.19,1.19,5.4,15.0,
1388554,04/04/26,bayern munich,sc freiburg,bayern munich,1.44,5.8,4.9,1.44,
1387948,03/04/26,paris saint germain,paris saint germain,toulouse,1.25,1.25,5.9,10.0,
1396487,03/04/26,sporting cp,sporting cp,santa clara,1.28,1.28,4.8,12.5,
1436154,03/04/26,al-nassr,al-nassr,al najma,1.09,1.09,8.8,23.0,
1387933,20/03/26,lens,lens,angers,1.22,1.22,6.2,11.0,
1391108,20/03/26,villarreal,villarreal,real sociedad,1.91,1.91,3.6,3.75,
1378156,20/03/26,napoli,cagliari,napoli,1.72,5.4,3.3,1.72,
1394671,17/03/26,fenerbahce,fenerbahce,gaziantep fk,1.29,1.29,5.5,9.0,
1396465,15/03/26,fc porto,fc porto,moreirense,1.21,1.21,5.5,17.5,
1396469,15/03/26,sporting cp,sporting cp,tondela,1.15,1.15,7.0,21.0,
1379264,15/03/26,liverpool,liverpool,tottenham,1.31,1.31,5.8,7.6,
1391091,15/03/26,barcelona,barcelona,sevilla,1.29,1.29,5.5,9.1,
1387929,15/03/26,paris saint germain,paris saint germain,nantes,1.22,1.22,5.8,11.0,
1381104,15/03/26,feyenoord,feyenoord,excelsior,1.31,1.31,5.5,8.1,
1382845,15/03/26,rangers,st mirren,rangers,1.56,5.7,3.95,1.56,
1379265,15/03/26,aston villa,manchester united,aston villa,4.45,1.7,3.85,4.45,
1387924,15/03/26,lyon,le havre,lyon,2.14,3.35,3.3,2.14,
1378147,15/03/26,ac milan,lazio,ac milan,1.84,4.3,3.4,1.84,
1436146,13/03/26,al-ahli jeddah,al-qadisiyah fc,al-ahli jeddah,2.62,2.55,3.35,2.62,
1391089,13/03/26,villarreal,alaves,villarreal,2.2,3.2,3.3,2.2,
1387926,13/03/26,marseille,marseille,auxerre,1.43,1.43,4.4,7.0,
1394662,13/03/26,fenerbahce,fatih karagumruk,fenerbahce,1.39,7.5,4.65,1.39,
1391088,08/03/26,villarreal,villarreal,elche,1.49,1.45,4.35,6.6,
1378138,08/03/26,as roma,genoa,as roma,1.9,4.2,3.1,1.96,
1384040,08/03/26,dinamo zagreb,hnk hajduk split,dinamo zagreb,2.18,3.1,3.2,2.22,
1381096,08/03/26,feyenoord,nac breda,feyenoord,1.88,3.85,3.75,1.84,
1396454,08/03/26,benfica,benfica,fc porto,2.0,2.0,3.1,3.95,SI
1387918,08/03/26,lyon,lyon,paris fc,1.7,1.63,3.85,5.1,
1394653,08/03/26,fenerbahce,fenerbahce,samsunspor,1.45,1.44,4.35,6.8,
1387916,08/03/26,lens,lens,metz,1.26,1.27,5.5,10.0,
1378142,08/03/26,inter,ac milan,inter,2.34,3.15,3.05,2.34,SI
1381098,07/03/26,psv eindhoven,psv eindhoven,az alkmaar,1.32,1.38,5.25,6.5,
1387922,07/03/26,marseille,toulouse,marseille,2.18,3.1,3.5,2.18,
1391079,07/03/26,barcelona,athletic club,barcelona,1.67,4.45,4.2,1.65,
1388526,07/03/26,bayer leverkusen,sc freiburg,bayer leverkusen,2.32,2.88,3.45,2.3,
1388525,07/03/26,borussia dortmund,1. fc koln,borussia dortmund,1.85,3.9,3.75,1.82,
1391080,07/03/26,atletico madrid,atletico madrid,real sociedad,1.66,1.7,3.65,4.85,
1381094,07/03/26,ajax,groningen,ajax,2.28,2.9,3.65,2.24,
1436133,07/03/26,al-nassr,al-nassr,neom,1.25,1.25,5.4,11.0,
1396455,07/03/26,sporting cp,sc braga,sporting cp,1.94,3.55,3.4,2.0,
1394651,07/03/26,galatasaray,besiktas,galatasaray,2.5,2.48,3.65,2.56,
1387921,06/03/26,paris saint germain,paris saint germain,monaco,1.35,1.35,5.4,7.1,
1436136,06/03/26,al-ahli jeddah,al-ahli jeddah,al-ittihad fc,1.85,1.85,3.75,3.7,
1388524,06/03/26,bayern munich,bayern munich,borussia m'gladbach,1.21,1.21,7.1,9.6,
1436135,06/03/26,al-hilal saudi fc,al-hilal saudi fc,al najma,1.08,1.08,10.0,23.0,
1378143,06/03/26,napoli,napoli,torino,1.55,1.55,3.85,6.0,
1391081,06/03/26,real madrid,celta vigo,real madrid,2.26,3.1,3.25,2.26,
1379249,04/03/26,chelsea,aston villa,chelsea,2.44,2.7,3.45,2.44,SI
1388455,04/03/26,bayer leverkusen,hamburger sv,bayer leverkusen,1.9,3.75,3.6,1.9,
1379251,04/03/26,arsenal,brighton,arsenal,1.65,5.1,3.75,1.65,
1379255,04/03/26,manchester city,manchester city,nottingham forest,1.41,1.41,4.5,7.3,
1382810,04/03/26,celtic,aberdeen,celtic,1.53,5.3,4.4,1.53,
1379258,03/03/26,liverpool,wolves,liverpool,1.45,6.0,4.65,1.45,
1391076,02/03/26,real madrid,real madrid,getafe,1.33,1.35,4.35,9.8,
1396447,02/03/26,benfica,gil vicente,benfica,1.55,5.6,4.0,1.56,
1384034,01/03/26,dinamo zagreb,dinamo zagreb,hnk gorica,1.28,,,,
1381089,01/03/26,feyenoord,twente,feyenoord,2.98,,,,
1378129,01/03/26,as roma,as roma,juventus,2.58,,,,
1394640,01/03/26,fenerbahce,antalyaspor,fenerbahce,1.51,,,,
1387908,01/03/26,marseille,marseille,lyon,1.93,,,,SI
1379239,01/03/26,arsenal,arsenal,chelsea,1.49,,,,SI
1381091,01/03/26,ajax,pec zwolle,ajax,1.71,4.33,3.95,1.71,
1382839,01/03/26,rangers,rangers,celtic,2.14,,,,SI
